battery_id,discharge_cycle,ambient_temp_C,capacity_Ah,soh,voltage_max_V,voltage_min_V,temp_max_C
B0005,1,24.0,1.8622,1.0,4.191491807505295,2.612467347907089,38.98218133148803
B0005,2,24.0,1.85208,0.99574,4.189773213846608,2.587208728940726,39.033397966787035
B0005,3,24.0,1.84105,0.98981,4.188186735991303,2.6519168938437794,38.818796689817404
B0005,4,24.0,1.84091,0.98974,4.188461118855572,2.592947964776547,38.7623045063458
B0005,5,24.0,1.84036,0.98944,4.188298524761055,2.547419651124539,38.66539257343368
B0005,6,24.0,1.84133,0.98996,4.188815807948604,2.5209480504077413,38.75169504640032
B0005,7,24.0,1.84083,0.98969,4.18839163793879,2.487927319492314,38.8207012322275
B0005,8,24.0,1.83144,0.98464,4.188927891511958,2.6652049047458775,38.51713023385634
B0005,9,24.0,1.83048,0.98413,4.189029250882121,2.6038584726333673,38.526267904657
B0005,10,24.0,1.83027,0.98402,4.189223427076418,2.552853984885676,38.52698128472781
B0005,11,24.0,1.83025,0.984,4.188916055911241,2.4724483018527317,38.54143406601644
B0005,12,24.0,1.81985,0.97841,4.189876247266316,2.64956413267546,38.52197451768004
B0005,13,24.0,1.81934,0.97814,4.189286794768804,2.5724981777366227,38.582485834057856
B0005,14,24.0,1.81905,0.97799,4.188837765892728,2.5249886697730286,38.520294134873915
B0005,15,24.0,1.80821,0.97215,4.189110301768517,2.694621861688723,38.21358592965045
B0005,16,24.0,1.80771,0.97189,4.18921207304098,2.64010141737067,38.1983618706913
B0005,17,24.0,1.80822,0.97216,4.188899969428112,2.5739035098380962,38.31926916027133
B0005,18,24.0,1.80864,0.97239,4.188779799856791,2.4942396831720126,38.4787542519308
B0005,19,24.0,1.80838,0.97225,4.189272591516219,2.4556793246645583,38.54659017774874
B0005,20,24.0,1.85268,0.99607,4.187614060563439,2.632142800798914,38.44749852224995
B0005,21,24.0,1.85303,0.99625,4.1876287811083985,2.5027764692056795,38.992275791716615
B0005,22,24.0,1.84183,0.99023,4.187447226312926,2.617507742871704,38.51424197364312
B0005,23,24.0,1.83147,0.98466,4.187344026387161,2.694074478000972,38.165816144899125
B0005,24,24.0,1.83076,0.98428,4.187438187636325,2.6237674644021887,38.16526203587147
B0005,25,24.0,1.83117,0.9845,4.18774138117799,2.5010798299873738,38.27549578575718
B0005,26,24.0,1.81963,0.9783,4.188261122540052,2.6849988185249796,37.982160799183106
B0005,27,24.0,1.82041,0.97871,4.187338767288234,2.547109116468133,38.11100191887773
B0005,28,24.0,1.81956,0.97826,4.187560306288175,2.471314764334132,38.18831137948753
B0005,29,24.0,1.80836,0.97224,4.18805176248713,2.6613903306108773,37.998541119085836
B0005,30,24.0,1.80967,0.97294,4.187667484260542,2.541762355407921,38.194201649765226
B0005,31,24.0,1.85454,0.99706,4.2010701773378685,2.628919415830567,38.45796400011448
B0005,32,24.0,1.83341,0.98571,4.1996223345495824,2.6312552691827045,38.49126351534004
B0005,33,24.0,1.82263,0.97991,4.199853323702163,2.654880745360911,38.31473393357882
B0005,34,24.0,1.81201,0.9742,4.199103467081427,2.6749688422803803,37.861934640176806
B0005,35,24.0,1.80735,0.97169,4.199998536865001,2.6159705726789904,37.90665575786083
B0005,36,24.0,1.8021,0.96887,4.19967522099872,2.658447162110498,38.34003238560517
B0005,37,24.0,1.79118,0.963,4.1991847248803165,2.6979426084271156,38.0745950590744
B0005,38,24.0,1.78565,0.96003,4.200012480335,2.6617272246516333,38.07252758016199
B0005,39,24.0,1.77577,0.95471,4.1992373656547874,2.699288287625812,37.80133585100446
B0005,40,24.0,1.77583,0.95475,4.1993957811187075,2.6127932408838532,38.39873985476869
B0005,41,24.0,1.77063,0.95195,4.1995786980260705,2.6637064901468075,38.74929237918251
B0005,42,24.0,1.76508,0.94897,4.199546957512695,2.6668454289754746,38.87275464755104
B0005,43,24.0,1.77323,0.95335,4.194091469340824,2.684431051981017,38.503541429116005
B0005,44,24.0,1.76541,0.94914,4.200715235801255,2.645224362345869,38.27009094548294
B0005,45,24.0,1.7545,0.94328,4.1990980807180325,2.6603527244917,38.11684755251712
B0005,46,24.0,1.74462,0.93797,4.199398534411534,2.6926849789916263,38.04152715355532
B0005,47,24.0,1.73886,0.93487,4.199122915612965,2.670544734728978,38.17980302242767
B0005,48,24.0,1.79634,0.96577,4.190409478081396,2.605158060541757,40.71218198711114
B0005,49,24.0,1.78589,0.96016,4.199933846791869,2.672012007453096,39.885261233152924
B0005,50,24.0,1.77007,0.95165,4.199365021329158,2.674271233724938,39.18287352945846
B0005,51,24.0,1.7598,0.94613,4.19902365945384,2.6309416727017187,38.951564804030774
B0005,52,24.0,1.74966,0.94068,4.199432142144215,2.6629725743154204,38.607510759873634
B0005,53,24.0,1.74448,0.93789,4.199640922827531,2.612942119873717,38.920359903369054
B0005,54,24.0,1.73921,0.93506,4.199305653118061,2.6157198442661476,39.23273115358871
B0005,55,24.0,1.72912,0.92963,4.198949734540481,2.6287695472774453,38.964927068400804
B0005,56,24.0,1.71858,0.92397,4.19834220599025,2.6655106679421823,38.83927283461771
B0005,57,24.0,1.71332,0.92114,4.198995776266302,2.650495153350403,38.82796377704433
B0005,58,24.0,1.70879,0.9187,4.19916986492694,2.643236235233877,39.14007944734004
B0005,59,24.0,1.70309,0.91564,4.199246833083063,2.656450207001938,39.349611598028886
B0005,60,24.0,1.69738,0.91257,4.1992551886401595,2.626177688152069,39.29444535878087
B0005,61,24.0,1.68766,0.90734,4.199610827671791,2.6582230344240045,39.10487658009542
B0005,62,24.0,1.67728,0.90177,4.1994453812630566,2.695100237338448,39.0462609369598
B0005,63,24.0,1.67737,0.90181,4.198991968341307,2.639091813583503,39.398032192832
B0005,64,24.0,1.66652,0.89598,4.197785116892181,2.6857210282450983,39.10678394120843
B0005,65,24.0,1.66181,0.89345,4.201331130571617,2.69017866510873,39.44448954135193
B0005,66,24.0,1.65667,0.89068,4.199339974904826,2.639895313359579,39.509602016775695
B0005,67,24.0,1.64546,0.88466,4.198916244859707,2.68991452927918,39.334865362245324
B0005,68,24.0,1.64066,0.88208,4.198537488587242,2.65935818848874,39.43723270017243
B0005,69,24.0,1.63552,0.87931,4.198943932259475,2.6657030585650423,39.51375235624076
B0005,70,24.0,1.63058,0.87666,4.199579806494986,2.642986759012803,39.60170302810528
B0005,71,24.0,1.6249,0.8736,4.198782234828033,2.6311169118893036,39.687463597582074
B0005,72,24.0,1.61417,0.86784,4.19910517813207,2.696157404617167,39.53535075538898
B0005,73,24.0,1.60938,0.86526,4.198510853141954,2.6667596238241567,39.6502371632164
B0005,74,24.0,1.60435,0.86255,4.198732430468704,2.6403185448373043,39.69929058154853
B0005,75,24.0,1.59321,0.85656,4.198799630396931,2.69892986372897,39.56076309770468
B0005,76,24.0,1.58864,0.85411,4.198753541225669,2.6682466504352993,39.63708096307912
B0005,77,24.0,1.58778,0.85364,4.200309982421394,2.6479207279724903,39.43977047692484
B0005,78,24.0,1.59832,0.85931,4.201124089732316,2.6741633856529066,39.839022256254516
B0005,79,24.0,1.57757,0.84816,4.198150316653697,2.6892528956736257,39.41794949618613
B0005,80,24.0,1.56771,0.84286,4.198524048997099,2.688809122993162,39.262781682151214
B0005,81,24.0,1.56263,0.84013,4.198840869468569,2.6743555987897745,39.47237839941986
B0005,82,24.0,1.56233,0.83996,4.198119631667182,2.6430294964336345,40.037541469513684
B0005,83,24.0,1.55758,0.83741,4.198320288264955,2.6584858447131823,40.142730162011574
B0005,84,24.0,1.5517,0.83425,4.1980467610750285,2.629782173759164,40.1165626728546
B0005,85,24.0,1.54106,0.82853,4.199047008209673,2.6622967647315545,39.87503330866132
B0005,86,24.0,1.53075,0.82299,4.197669918520713,2.682380966742509,39.61961987024145
B0005,87,24.0,1.53139,0.82333,4.197600624105256,2.6401894768922713,40.067324667444815
B0005,88,24.0,1.52554,0.82018,4.197985718630326,2.693769409137257,40.24716716520102
B0005,89,24.0,1.5204,0.81742,4.198164128530042,2.695787450704935,40.30253125568348
B0005,90,24.0,1.60864,0.86486,4.222920057935785,2.6920548172137724,40.09418103142496
B0005,91,24.0,1.56668,0.8423,4.200423045909808,2.629071246219689,40.52238496316615
B0005,92,24.0,1.55093,0.83383,4.198372063670128,2.631343871050918,40.56886357314186
B0005,93,24.0,1.53525,0.8254,4.198353213898968,2.6983970036642315,40.27804845768325
B0005,94,24.0,1.52983,0.82249,4.197873789078739,2.6338485871981514,40.2921849196155
B0005,95,24.0,1.51983,0.81711,4.197955644238241,2.671566207861818,40.184384347174266
B0005,96,24.0,1.5148,0.81441,4.197918434710392,2.6540810507928123,40.320066232195046
B0005,97,24.0,1.50944,0.81153,4.197739340034368,2.656849703962618,40.336505612651585
B0005,98,24.0,1.50444,0.80884,4.19785490446139,2.6363048614501152,40.43267631588412
B0005,99,24.0,1.49374,0.80308,4.197306756122815,2.69951692300468,40.314538591575015
B0005,100,24.0,1.48878,0.80042,4.197528212001444,2.698216006032282,40.386661855917744
B0005,101,24.0,1.48328,0.79746,4.19743662221161,2.6911707598773864,40.43384612547835
B0005,102,24.0,1.47807,0.79466,4.197717228550219,2.690162319231471,40.44479269068758
B0005,103,24.0,1.48877,0.80042,4.192454851360723,2.6355034454892072,40.58499656066617
B0005,104,24.0,1.49901,0.80592,4.202845001527377,2.6594753656507684,40.99869158762305
B0005,105,24.0,1.48369,0.79768,4.197952808231904,2.644554999824577,40.997807625227495
B0005,106,24.0,1.47262,0.79173,4.198017952345714,2.6719601666204564,40.84213757482493
B0005,107,24.0,1.45682,0.78324,4.192162800008929,2.6598211033173382,40.69012464267011
B0005,108,24.0,1.45705,0.78336,4.196993378341778,2.688360455508818,40.69938049882204
B0005,109,24.0,1.45791,0.78382,4.197603515102162,2.6376728619288525,41.06026204078849
B0005,110,24.0,1.45194,0.78061,4.196406678544622,2.645120521151077,41.19696040482682
B0005,111,24.0,1.44154,0.77502,4.197098662004674,2.698012437629632,40.84446688602949
B0005,112,24.0,1.43637,0.77224,4.196909312093871,2.6928942772989077,40.764203830749366
B0005,113,24.0,1.4363,0.7722,4.197105220217278,2.6483923655058113,41.11212504270441
B0005,114,24.0,1.43093,0.76932,4.196244829545076,2.6832134764261997,41.27256611507568
B0005,115,24.0,1.42578,0.76655,4.1968026018066595,2.684960445221862,41.15574924454392
B0005,116,24.0,1.42029,0.7636,4.196227405416926,2.669922120529456,41.03237216951879
B0005,117,24.0,1.41533,0.76093,4.196558172556389,2.664105530655056,40.937269906716935
B0005,118,24.0,1.41546,0.761,4.196870541112335,2.634098605983684,41.240704611971786
B0005,119,24.0,1.41053,0.75835,4.196795527524874,2.68378702970616,41.43649987692296
B0005,120,24.0,1.43629,0.7722,4.189287343772767,2.660031949282934,41.16703904201915
B0005,121,24.0,1.44115,0.77481,4.201144545237731,2.650011641082063,41.36216559728765
B0005,122,24.0,1.42024,0.76357,4.196925753814179,2.6936969083341418,41.02198772703674
B0005,123,24.0,1.40987,0.758,4.196901090271507,2.697073130067154,40.78818812957494
B0005,124,24.0,1.40409,0.75489,4.196688955833435,2.6806995515145213,40.81506138506309
B0005,125,24.0,1.39961,0.75248,4.196339302740304,2.6695398084864568,40.858374219876424
B0005,126,24.0,1.39417,0.74956,4.196181412764837,2.671695307817951,40.839876773287166
B0005,127,24.0,1.38909,0.74682,4.195770804194879,2.661289185949965,40.85376069244676
B0005,128,24.0,1.3833,0.74371,4.195456241846729,2.667817533540102,40.74795214258888
B0005,129,24.0,1.37812,0.74093,4.19654355365607,2.684008069130594,40.68794001196382
B0005,130,24.0,1.37339,0.73838,4.194357133255019,2.6585256208771644,40.7810749453613
B0005,131,24.0,1.37337,0.73837,4.195863681881766,2.6372250579822927,40.88159339768709
B0005,132,24.0,1.3676,0.73527,4.1955845546644195,2.6514257735606432,40.81191473576834
B0005,133,24.0,1.37826,0.741,4.188483624251573,2.676384659108382,41.11793533148924
B0005,134,24.0,1.38898,0.74676,4.200346502821317,2.6949138502817815,41.248795355864885
B0005,135,24.0,1.37271,0.73802,4.1981749992980655,2.6973343716306273,41.16242984455477
B0005,136,24.0,1.36766,0.7353,4.195715092938243,2.642540259937964,41.16437554618679
B0005,137,24.0,1.3572,0.72968,4.195755769877104,2.699226257883075,40.864216180205034
B0005,138,24.0,1.35754,0.72986,4.195911764444989,2.676480329780849,41.25434553511566
B0005,139,24.0,1.35759,0.72989,4.195824004004723,2.642142168479886,41.45023191903855
B0005,140,24.0,1.3522,0.72699,4.196258226051591,2.644725254926797,41.27708509224051
B0005,141,24.0,1.34707,0.72423,4.196612664794988,2.632270655366611,41.064605154983276
B0005,142,24.0,1.34191,0.72146,4.195850781215982,2.6391006118876117,40.99284868101728
B0005,143,24.0,1.34181,0.7214,4.1960023929619235,2.637841830893275,41.29040553417739
B0005,144,24.0,1.33688,0.71875,4.196207586734141,2.668286095904868,41.22740227746052
B0005,145,24.0,1.33154,0.71588,4.195534582569042,2.6490198126838553,41.04619550953222
B0005,146,24.0,1.3261,0.71296,4.1957439573980455,2.664058512378051,40.85874389007758
B0005,147,24.0,1.32109,0.71026,4.19586805747139,2.6883611693898826,40.79196924883506
B0005,148,24.0,1.32146,0.71046,4.195347750909715,2.6869753836302124,41.14127834456325
B0005,149,24.0,1.32122,0.71034,4.196065828878837,2.6507536817766586,41.14429319149828
B0005,150,24.0,1.32679,0.71333,4.184534803011309,2.6646322789106516,40.66184230912503
B0005,151,24.0,1.36299,0.73279,4.201240476440081,2.6400211837268666,41.046694544970684
B0005,152,24.0,1.34247,0.72176,4.195703567262997,2.674198661305034,41.0462053156659
B0005,153,24.0,1.33192,0.71609,4.195744519551191,2.696427051131168,40.868302643225604
B0005,154,24.0,1.3266,0.71323,4.196363050482315,2.6928340297696836,40.85283588259973
B0005,155,24.0,1.32158,0.71053,4.1957929878569455,2.681747855329962,40.85270645265791
B0005,156,24.0,1.31643,0.70776,4.195797286482793,2.696791414385091,40.8263251809212
B0005,157,24.0,1.3161,0.70758,4.196349384378125,2.664695973142795,40.90308836809665
B0005,158,24.0,1.31076,0.70471,4.195609431921248,2.679191623358613,40.84337405460518
B0005,159,24.0,1.30597,0.70213,4.195339917236225,2.699983457940659,40.81792110626284
B0005,160,24.0,1.30627,0.70229,4.1954020570061195,2.666300786624286,40.946993847659506
B0005,161,24.0,1.30632,0.70232,4.195685302232799,2.6308501373847837,41.074938058306316
B0005,162,24.0,1.30083,0.69937,4.195561297751176,2.673348140468748,41.02476444658572
B0005,163,24.0,1.30106,0.6995,4.196066962029683,2.632763831012711,41.06214198725253
B0005,164,24.0,1.29645,0.69702,4.196640912532072,2.6687371180046218,40.98366325567302
B0005,165,24.0,1.29096,0.69406,4.1956235749123225,2.696396337945361,40.98234242711097
B0005,166,24.0,1.29039,0.69376,4.195862008850563,2.6794834862925194,41.06375085817118
B0005,167,24.0,1.3119,0.70532,4.18482689434833,2.6787137407179737,41.047029587744966
B0005,168,24.0,1.32798,0.71397,4.201968615940368,2.655378369801326,41.051007697556734
B0006,1,24.0,2.0467,1.0,4.179823027658306,2.4757677568281857,39.16298653238707
B0006,2,24.0,2.03657,1.0,4.177288238505559,2.35152551190002,39.2462026826329
B0006,3,24.0,2.02473,1.0,4.1781213228922995,2.4404797151065436,38.999202460252846
B0006,4,24.0,2.01329,1.0,4.1785623580417175,2.4791558539003917,38.843627771866515
B0006,5,24.0,2.01193,1.0,4.17824995156942,2.280187848173442,38.97798888258284
B0006,6,24.0,2.02527,1.0,4.193216523251186,2.4392842568466446,38.83989920742278
B0006,7,24.0,2.02448,1.0,4.193732603145628,2.2812068449406446,39.04610837498471
B0006,8,24.0,1.98017,1.0,4.176826628115461,2.366410527029613,38.87507521022778
B0006,9,24.0,1.96817,1.0,4.176369138969733,2.436020049578708,38.7260539826455
B0006,10,24.0,1.96852,1.0,4.176897989902666,2.1864377487643725,38.98629728904917
B0006,11,24.0,1.95686,1.0,4.177579509962451,2.3406023605912454,38.65978861919643
B0006,12,24.0,1.93475,1.0,4.177996110793395,2.4263021374140443,38.84979195732924
B0006,13,24.0,1.92328,1.0,4.176316409477926,2.4753697700007034,38.75128344015104
B0006,14,24.0,1.92314,1.0,4.1779924550101715,2.342364523655007,38.76853764058789
B0006,15,24.0,1.9123,1.0,4.177439981618572,2.188400081882664,38.84686112344348
B0006,16,24.0,1.90047,1.0,4.17561570814845,2.1206980945954057,38.865889781652804
B0006,17,24.0,1.88944,1.0,4.177602520456299,2.369981457799298,38.647578733807656
B0006,18,24.0,1.87876,1.0,4.176354539745044,2.247991649924625,38.79218188173866
B0006,19,24.0,1.87321,1.0,4.177450270459645,2.4115317107898875,38.77022223929529
B0006,20,24.0,1.99095,1.0,4.174584178175673,2.2033558468593775,37.54320599748628
B0006,21,24.0,1.96893,1.0,4.175224020262452,2.35887751155593,37.90362577530197
B0006,22,24.0,1.9571,1.0,4.177217300859919,2.218672914041916,37.6701605139887
B0006,23,24.0,1.93561,1.0,4.176681511062203,2.339723057947995,37.34166959188387
B0006,24,24.0,1.94598,1.0,4.190384318239257,2.3997508208942735,37.28979017254232
B0006,25,24.0,1.90141,1.0,4.176973413125379,2.491410879472442,37.16794481484507
B0006,26,24.0,1.89551,1.0,4.1734521552365464,2.1387303309558976,37.51577848501052
B0006,27,24.0,1.88514,1.0,4.1764585468168685,2.346064498302046,37.24165964092258
B0006,28,24.0,1.87277,1.0,4.17626102066065,2.327337743316428,37.27233216178077
B0006,29,24.0,1.85083,0.99507,4.172855540858831,2.4863117233366316,37.207134503019795
B0006,30,24.0,1.87408,1.0,4.1881878017349035,2.2921663510920895,37.49607769896255
B0006,31,24.0,1.93027,1.0,4.189991619197343,2.4343006861812118,37.250073961181094
B0006,32,24.0,1.89038,1.0,4.186982490201218,2.472619908000758,37.39699052067588
B0006,33,24.0,1.8687,1.0,4.1864831065416155,2.403422072720937,37.2852066420257
B0006,34,24.0,1.85263,0.99604,4.187721936001791,2.4006679782182205,37.080390421974414
B0006,35,24.0,1.83186,0.98487,4.184171356892756,2.3194299432177345,36.98024266357476
B0006,36,24.0,1.82688,0.9822,4.186779863144672,2.3401731734980076,37.598741245467004
B0006,37,24.0,1.81052,0.9734,4.186482965601712,2.3829603510808774,37.33680914521836
B0006,38,24.0,1.79445,0.96476,4.184741677172267,2.351855540704836,37.39499820465976
B0006,39,24.0,1.78446,0.95939,4.186114015167315,2.3535104841115886,37.35233964342659
B0006,40,24.0,1.77373,0.95362,4.186378094589789,2.3948058223938364,37.58677381866742
B0006,41,24.0,1.76354,0.94814,4.185742966026202,2.4418858444380294,38.207044569893476
B0006,42,24.0,1.75272,0.94232,4.1849954235358595,2.391848815367812,38.340431886092745
B0006,43,24.0,1.77127,0.95229,4.175622772952551,2.3166154227865463,38.521539672721865
B0006,44,24.0,1.77935,0.95664,4.191704957733779,2.4110989960643794,38.03707160241571
B0006,45,24.0,1.74703,0.93926,4.185468369564667,2.4510125175432287,37.934285687720596
B0006,46,24.0,1.72655,0.92825,4.184201889006967,2.471216186082459,37.88470784051604
B0006,47,24.0,1.71562,0.92238,4.185838836583766,2.470968641396993,38.065368726791895
B0006,48,24.0,1.83702,0.98764,4.1729165619005535,2.4288023941361625,39.788440481350335
B0006,49,24.0,1.82156,0.97934,4.186982012423103,2.3551430866643166,39.212903178007906
B0006,50,24.0,1.78915,0.96191,4.186537777937825,2.365933525789291,38.66937823121345
B0006,51,24.0,1.75797,0.94515,4.182282350256796,2.3481961394586457,38.5170065164806
B0006,52,24.0,1.74241,0.93678,4.185961817428056,2.46945948630322,38.292505299491516
B0006,53,24.0,1.72134,0.92545,4.1836566973224585,2.4666715880697576,38.52091685291118
B0006,54,24.0,1.71081,0.91979,4.184390004467988,2.4482931262785135,38.95436345473558
B0006,55,24.0,1.69532,0.91146,4.184732708741646,2.4745215382882586,38.731363854696035
B0006,56,24.0,1.68475,0.90578,4.185835940524748,2.469127855241356,38.74827601131975
B0006,57,24.0,1.67407,0.90004,4.185703389994729,2.4177173347922416,38.84227056628921
B0006,58,24.0,1.66448,0.89488,4.184887437252902,2.3775131079338427,39.221381996208315
B0006,59,24.0,1.65342,0.88894,4.1845671326128535,2.443723814618984,39.466510899162515
B0006,60,24.0,1.64247,0.88305,4.184590722398005,2.4324278256917147,39.352653481724175
B0006,61,24.0,1.62221,0.87215,4.181227276564003,2.494085641889116,39.31890647034385
B0006,62,24.0,1.61685,0.86928,4.182601669503782,2.382347172890769,39.47196886600465
B0006,63,24.0,1.61234,0.86685,4.183991041340736,2.406668297987779,39.74009698783903
B0006,64,24.0,1.60095,0.86073,4.182425008087469,2.4204142690378765,39.03600072360686
B0006,65,24.0,1.59626,0.85821,4.190985194174346,2.4507845245525193,39.16106395962828
B0006,66,24.0,1.58047,0.84972,4.181860480163402,2.3930328819230717,39.20051799483514
B0006,67,24.0,1.57468,0.8466,4.183449364094532,2.3938995980718403,39.15878418316098
B0006,68,24.0,1.56456,0.84116,4.182943907496545,2.4373294683003053,39.18225956809825
B0006,69,24.0,1.55937,0.83837,4.182592999177517,2.3705330061374523,39.38159156766375
B0006,70,24.0,1.54401,0.83011,4.1775564354981025,2.351294851260762,39.44712875501599
B0006,71,24.0,1.54356,0.82987,4.183199732433941,2.436845595522602,39.40950590627068
B0006,72,24.0,1.53807,0.82692,4.183585552184287,2.39030487147494,39.48443326993031
B0006,73,24.0,1.52799,0.8215,4.183170360974043,2.4892160721496315,39.4416762582387
B0006,74,24.0,1.52273,0.81867,4.183501501534186,2.450611393803655,39.53866201326228
B0006,75,24.0,1.51737,0.81579,4.183243008796117,2.4111946043456745,39.5867547936938
B0006,76,24.0,1.50689,0.81016,4.182038001412004,2.4609139768640715,39.499752884420865
B0006,77,24.0,1.50626,0.80982,4.182440318401142,2.378420264362521,39.9686395722832
B0006,78,24.0,1.54884,0.83271,4.189962701965466,2.3844697219937414,40.42668250871336
B0006,79,24.0,1.51747,0.81585,4.181214475643097,2.448639661640692,40.02451449021777
B0006,80,24.0,1.50737,0.81041,4.182157933832856,2.362869757217078,40.02167483360719
B0006,81,24.0,1.49167,0.80197,4.1802491747767325,2.479712742728869,40.078211781584145
B0006,82,24.0,1.49189,0.80209,4.182775550999248,2.4609902569842412,40.565789328351094
B0006,83,24.0,1.48667,0.79928,4.182970513713943,2.4794507375590507,40.75221353269305
B0006,84,24.0,1.48091,0.79619,4.182588389688278,2.421513989921717,40.71162611325717
B0006,85,24.0,1.47033,0.7905,4.180388252515709,2.3927989623544175,40.58721297402195
B0006,86,24.0,1.46534,0.78782,4.182476201666448,2.410475236770924,40.37035790264624
B0006,87,24.0,1.46061,0.78528,4.182567814531136,2.4915333699239977,40.667923693760464
B0006,88,24.0,1.46037,0.78515,4.182606347806988,2.444861994529003,40.990356883952465
B0006,89,24.0,1.45506,0.78229,4.183047552179642,2.4840755398082255,40.997744028174516
B0006,90,24.0,1.60697,0.86396,4.222516216835943,2.479017302613424,40.77265883698999
B0006,91,24.0,1.55968,0.83854,4.1909374470770855,2.4820670710190385,40.522204934304625
B0006,92,24.0,1.52805,0.82153,4.183028520369727,2.452449045714353,40.57746834859555
B0006,93,24.0,1.51231,0.81307,4.1838942747302825,2.4198491932573414,40.516963879873735
B0006,94,24.0,1.49649,0.80456,4.1839835007856605,2.4706823501191706,40.34325381638243
B0006,95,24.0,1.48644,0.79916,4.183640209073579,2.413759774558071,40.39341126895154
B0006,96,24.0,1.47619,0.79365,4.183387047926521,2.4562499847243027,40.46341487442664
B0006,97,24.0,1.4705,0.79059,4.18356344388626,2.401794655879554,40.5818264138806
B0006,98,24.0,1.46031,0.78511,4.18171248971767,2.4087687236133313,40.61670777074496
B0006,99,24.0,1.45479,0.78215,4.1832473219705815,2.4308118485818704,40.631647661681036
B0006,100,24.0,1.44983,0.77948,4.183049768329545,2.398886415333129,40.74323383889164
B0006,101,24.0,1.44466,0.7767,4.1830924980863315,2.3814379490849835,40.81715493531611
B0006,102,24.0,1.43387,0.7709,4.181536580807847,2.459885297095542,40.72877617289365
B0006,103,24.0,1.43936,0.77385,4.172034399629829,2.4007285025453995,41.45494452672042
B0006,104,24.0,1.46563,0.78797,4.188427549455566,2.472830716079143,41.39678877103747
B0006,105,24.0,1.44496,0.77686,4.181499335679726,2.467318928642863,41.36669473718026
B0006,106,24.0,1.43371,0.77081,4.179546243153898,2.3692462667540997,41.37787352037061
B0006,107,24.0,1.4232,0.76516,4.18101558225098,2.4482618595124874,41.140956091698214
B0006,108,24.0,1.41838,0.76257,4.182667734360821,2.4598632768748825,41.2168813199875
B0006,109,24.0,1.40865,0.75734,4.179947555799937,2.497869764845928,41.40391881889191
B0006,110,24.0,1.40797,0.75697,4.182316086490744,2.472236707252471,41.586571331198584
B0006,111,24.0,1.40276,0.75417,4.18300582450457,2.4278749904763077,41.43504077863728
B0006,112,24.0,1.39737,0.75127,4.1825046060820625,2.4275905200235055,41.37436880579148
B0006,113,24.0,1.39239,0.7486,4.179533028548021,2.37337869163978,41.66477948989921
B0006,114,24.0,1.39213,0.74846,4.18250512422575,2.4248604132549767,41.81816829502593
B0006,115,24.0,1.38719,0.7458,4.1828227593786,2.426962848243194,41.686647000781186
B0006,116,24.0,1.38164,0.74282,4.182413969607667,2.417287750352038,41.565382893773936
B0006,117,24.0,1.37677,0.7402,4.182451170946608,2.4185087281747166,41.46394809540406
B0006,118,24.0,1.3716,0.73742,4.181305580928812,2.480937393224248,41.6123634180086
B0006,119,24.0,1.37204,0.73765,4.1804870315884735,2.4078214169511205,42.0075404495327
B0006,120,24.0,1.39767,0.75143,4.163570261072192,2.433234589649132,41.61679232360952
B0006,121,24.0,1.41854,0.76266,4.190012868765637,2.440822893388958,41.80245062827161
B0006,122,24.0,1.3974,0.75129,4.182418011462176,2.396078253891397,41.653004783464006
B0006,123,24.0,1.38173,0.74286,4.182070839014939,2.449306948268824,41.36061809844917
B0006,124,24.0,1.37603,0.7398,4.182701902443236,2.384185417166802,41.42815616511055
B0006,125,24.0,1.36599,0.73441,4.182270325485355,2.4440756213040964,41.343265645039
B0006,126,24.0,1.36085,0.73164,4.182394535290608,2.4296014294774673,41.38118673567723
B0006,127,24.0,1.35564,0.72884,4.182061947471753,2.41022288115442,41.378450473707446
B0006,128,24.0,1.34993,0.72577,4.182288987105723,2.4098927032454966,41.306600641009794
B0006,129,24.0,1.33936,0.72009,4.179662143533188,2.453938411405305,41.204081036719124
B0006,130,24.0,1.3402,0.72054,4.181392635232333,2.3940396792395253,41.32955629442644
B0006,131,24.0,1.33464,0.71755,4.182099866234647,2.45134737470238,41.300370296451625
B0006,132,24.0,1.32906,0.71455,4.182054276922838,2.475014603796582,41.243646229563595
B0006,133,24.0,1.33437,0.7174,4.168816046299314,2.4569179775419294,41.36464929786556
B0006,134,24.0,1.36087,0.73165,4.190149239555381,2.438240626221148,40.89285784811417
B0006,135,24.0,1.33944,0.72013,4.187196878135145,2.4946397780995584,40.652964511118334
B0006,136,24.0,1.32877,0.71439,4.18232296515852,2.4367455144223555,40.58410707337388
B0006,137,24.0,1.31865,0.70895,4.1822817387062585,2.4858689968085326,40.322783635307104
B0006,138,24.0,1.3191,0.70919,4.181394192711236,2.3957550201907916,40.78032921971219
B0006,139,24.0,1.31374,0.70631,4.182109437180301,2.4504684570147006,40.85731522464202
B0006,140,24.0,1.30829,0.70338,4.181210531150237,2.3942028718004007,40.74860220857894
B0006,141,24.0,1.29801,0.69786,4.180183763169455,2.4303844034459368,40.472276230208436
B0006,142,24.0,1.29272,0.69501,4.181641969595387,2.4755630989048205,40.28187574900838
B0006,143,24.0,1.29275,0.69503,4.1818501497507565,2.446712151873903,40.637565231244686
B0006,144,24.0,1.28761,0.69226,4.1817089329030335,2.4607112018206894,40.64243349478575
B0006,145,24.0,1.27719,0.68666,4.178725976011113,2.4619788522973796,40.38713367022122
B0006,146,24.0,1.27159,0.68365,4.181148894438262,2.4999079970509284,40.15316398972329
B0006,147,24.0,1.27205,0.6839,4.181246648937272,2.4061574188511727,40.26211669866818
B0006,148,24.0,1.27199,0.68386,4.1821248744689274,2.40921365026611,40.65437976632703
B0006,149,24.0,1.26162,0.67829,4.179545017207998,2.4705399687343235,40.41021687551566
B0006,150,24.0,1.26696,0.68116,4.164241788212258,2.4996841687041944,40.49521984011741
B0006,151,24.0,1.30335,0.70072,4.189238693156103,2.4839695531514434,41.357879741754175
B0006,152,24.0,1.27708,0.6866,4.180842923747738,2.4675402264113453,41.37902988743146
B0006,153,24.0,1.26155,0.67825,4.18123823034649,2.4946438160388325,41.20920760771975
B0006,154,24.0,1.2509,0.67253,4.1798277092808815,2.4577382116375843,41.20630554355683
B0006,155,24.0,1.24578,0.66977,4.180792839927961,2.40986495422137,41.28239317323536
B0006,156,24.0,1.23526,0.66412,4.181365190126037,2.479418189447868,41.1595683576961
B0006,157,24.0,1.22982,0.66119,4.180594670510683,2.434585389303289,41.230427315370186
B0006,158,24.0,1.22442,0.65829,4.181424135030176,2.425682710641569,41.21487873613708
B0006,159,24.0,1.21962,0.65571,4.181921994951423,2.417924401749313,41.27439823262361
B0006,160,24.0,1.20933,0.65018,4.179593598747663,2.4541577949851603,41.237668013317766
B0006,161,24.0,1.204,0.64731,4.180557596235595,2.463616101176541,41.24068073261839
B0006,162,24.0,1.1984,0.6443,4.181414159913002,2.470375229475307,41.28133907077437
B0006,163,24.0,1.19338,0.6416,4.180815073540562,2.4357634426689945,41.28338645880181
B0006,164,24.0,1.17266,0.63046,4.1697037841892834,2.481190011798763,41.149193043289586
B0006,165,24.0,1.17805,0.63336,4.180283727512206,2.491537251958465,41.26268252018065
B0006,166,24.0,1.17765,0.63315,4.181170015245673,2.40904100737121,41.45791806300034
B0006,167,24.0,1.19386,0.64186,4.1575524997258,2.475767645530351,41.11666214070682
B0006,168,24.0,1.20459,0.64763,4.188511527828155,2.4160441724133666,41.36263766174168
B0007,1,24.0,1.91903,1.0,4.199497433806136,2.145975766935391,40.59042914535701
B0007,2,24.0,1.90861,1.0,4.198510349854315,2.1110166987852117,40.26023408628707
B0007,3,24.0,1.90862,1.0,4.198280074112568,2.0251085128182655,40.27558633997852
B0007,4,24.0,1.90879,1.0,4.198267468745592,1.922542180649595,40.29314715799111
B0007,5,24.0,1.9073,1.0,4.198464224146956,1.8711590450649882,40.268872630219796
B0007,6,24.0,1.89759,1.0,4.197967993115647,2.1756867065903434,39.67620802332074
B0007,7,24.0,1.8968,1.0,4.198023461704379,2.1117887156019437,39.803817662926164
B0007,8,24.0,1.89831,1.0,4.199372697237068,2.026250619894166,39.88810476942348
B0007,9,24.0,1.89746,1.0,4.19921182024681,1.9505894332906037,39.95162250671474
B0007,10,24.0,1.89798,1.0,4.198957678253482,1.8688247067658061,40.052021854718284
B0007,11,24.0,1.89782,1.0,4.198832114024662,1.7896213776724978,40.1213838436794
B0007,12,24.0,1.88747,1.0,4.198945227315025,1.910336108594535,40.174657039770814
B0007,13,24.0,1.88695,1.0,4.1990513028067955,1.9086884059809102,40.016434730174936
B0007,14,24.0,1.88673,1.0,4.198107645780677,1.7868782934275431,40.16569230743226
B0007,15,24.0,1.87597,1.0,4.19925638222589,2.1361343961784502,39.46139677634257
B0007,16,24.0,1.87542,1.0,4.199087384946408,2.0133501283179167,39.5636595172155
B0007,17,24.0,1.86997,1.0,4.199009971925293,1.8575547668336483,39.628948319501816
B0007,18,24.0,1.8596,0.99978,4.1985172274243965,2.1657556124208934,39.225347214914876
B0007,19,24.0,1.85949,0.99973,4.198245740608724,2.0270686341513207,39.4126321606434
B0007,20,24.0,1.90876,1.0,4.196262462698172,1.905311669649934,39.95874037686836
B0007,21,24.0,1.90934,1.0,4.1969587758867,1.7951975189442124,40.31302300333008
B0007,22,24.0,1.8978,1.0,4.197071720130598,2.1058524852518143,39.359447242364645
B0007,23,24.0,1.89887,1.0,4.19690260801443,1.846021007590992,39.454159451189874
B0007,24,24.0,1.89801,1.0,4.1966416719103465,1.7370300333706354,39.641748274009444
B0007,25,24.0,1.88184,1.0,4.1971302559922,2.0506492642329937,38.86906912217273
B0007,26,24.0,1.88182,1.0,4.19652461108806,1.8254369744762284,39.11839966443177
B0007,27,24.0,1.87119,1.0,4.196790308710931,2.134879000684994,38.68010761281634
B0007,28,24.0,1.87031,1.0,4.196693048697735,1.970455493406623,38.863045678198645
B0007,29,24.0,1.87049,1.0,4.197078923354,1.8132694309760007,39.14531169811219
B0007,30,24.0,1.86035,1.0,4.196062203382386,2.0483657324095637,38.8380564174779
B0007,31,24.0,1.90216,1.0,4.206531081984383,2.181560983985832,38.95965174080089
B0007,32,24.0,1.87899,1.0,4.203187727641822,2.1177799354077496,39.053875772291974
B0007,33,24.0,1.86834,1.0,4.202997027311235,2.1637448793153697,38.699551697978606
B0007,34,24.0,1.86316,1.0,4.2027504558714135,2.0456561472058055,38.6052414906155
B0007,35,24.0,1.8531,0.99629,4.202665067816707,2.1356202266992863,38.42604747702835
B0007,36,24.0,1.85338,0.99644,4.20243913428064,2.042987153745025,39.0468968949422
B0007,37,24.0,1.84788,0.99349,4.202794567899269,1.9786162394118947,38.836764958613884
B0007,38,24.0,1.83733,0.98781,4.203135326288817,2.15845357648832,38.49981470604549
B0007,39,24.0,1.8327,0.98532,4.202837061508687,2.092603698932653,38.582340147970775
B0007,40,24.0,1.82753,0.98254,4.202745735932991,2.1528886431678034,38.787499833494046
B0007,41,24.0,1.82777,0.98267,4.203198796599359,2.0537418826405966,39.31221126031847
B0007,42,24.0,1.82219,0.97967,4.202901668731174,2.0793300586339956,39.40567993360536
B0007,43,24.0,1.82426,0.98078,4.196154302326916,2.0759793304520757,39.32802757827611
B0007,44,24.0,1.8223,0.97973,4.2044772244864275,2.0674349483094465,38.6112528181758
B0007,45,24.0,1.81183,0.9741,4.20211656315423,2.037264031192436,38.569726951286874
B0007,46,24.0,1.8019,0.96876,4.202901194454151,2.1632674190148338,38.34572083526661
B0007,47,24.0,1.79631,0.96576,4.201790697233378,2.106631526845483,38.482540634946716
B0007,48,24.0,1.83128,0.98456,4.191916354433964,2.1809272860788376,41.0499421893331
B0007,49,24.0,1.83174,0.98481,4.20342192245769,2.1773498094527195,40.361944885615415
B0007,50,24.0,1.81632,0.97651,4.202807443974011,2.180136101967249,39.6676965288026
B0007,51,24.0,1.80643,0.9712,4.203276539809248,2.1286295199076855,39.481181404811096
B0007,52,24.0,1.79901,0.96721,4.202580870413733,2.155901281560187,39.419051143069204
B0007,53,24.0,1.79399,0.96451,4.203244171517053,2.067103728219671,39.72196117128354
B0007,54,24.0,1.78893,0.96179,4.202697222668131,2.0619831864543094,40.041366724781085
B0007,55,24.0,1.77873,0.95631,4.202581421564202,2.143037413381466,39.66314441864834
B0007,56,24.0,1.77368,0.95359,4.201275185814673,1.9929057988209282,39.84751541049116
B0007,57,24.0,1.76838,0.95074,4.202508747096239,2.0335961968180234,39.743357771631004
B0007,58,24.0,1.76376,0.94826,4.202333230196108,2.0213017345171265,40.07246786936068
B0007,59,24.0,1.75831,0.94533,4.202490707154508,2.0789964919635966,40.247716114003914
B0007,60,24.0,1.75258,0.94225,4.202290557382721,1.9925354808829658,40.27220819224188
B0007,61,24.0,1.74261,0.93689,4.20313824854604,2.14041602578448,39.89848456781458
B0007,62,24.0,1.73803,0.93443,4.202703239422359,2.006753861515003,40.0571305311587
B0007,63,24.0,1.73268,0.93155,4.202907102508285,2.121868132176415,40.240711749549135
B0007,64,24.0,1.72778,0.92891,4.201457080806326,2.0119648758828452,40.12941739090177
B0007,65,24.0,1.72275,0.92621,4.204304103661928,2.0744390946376323,40.3959693732437
B0007,66,24.0,1.71234,0.92061,4.20220228055958,2.188793384556236,40.18751058333668
B0007,67,24.0,1.70642,0.91743,4.202001482736379,2.1739523632140685,40.14605167557969
B0007,68,24.0,1.70186,0.91498,4.202600613133091,2.1783847786257136,40.18846095484838
B0007,69,24.0,1.69664,0.91217,4.202328519159183,2.191481814157953,40.2789498830108
B0007,70,24.0,1.69195,0.90965,4.202855889678493,2.1753473356526807,40.310727434969614
B0007,71,24.0,1.68615,0.90653,4.202212609390717,2.1832922624558813,40.31733812871393
B0007,72,24.0,1.68097,0.90375,4.202335745153063,2.192864020990023,40.332563430145015
B0007,73,24.0,1.67618,0.90117,4.201997273379946,2.1560972126643922,40.431258866851486
B0007,74,24.0,1.67133,0.89856,4.201599523927098,2.138540138129487,40.46247985933005
B0007,75,24.0,1.66595,0.89567,4.20196227209543,2.1646493163558524,40.40103455658551
B0007,76,24.0,1.66049,0.89274,4.202045571197949,2.1187211383693167,40.4426971996319
B0007,77,24.0,1.66026,0.89261,4.204697039833386,2.1377868706438155,40.26214977673693
B0007,78,24.0,1.66519,0.89526,4.203964293328523,2.103155697792567,40.645668361956844
B0007,79,24.0,1.65035,0.88728,4.201985395805308,2.186737546753024,39.95209030011925
B0007,80,24.0,1.64536,0.8846,4.20178017149305,2.1007747911593695,40.165034583244065
B0007,81,24.0,1.64057,0.88203,4.202220537976551,2.1417010068719846,40.36674175781141
B0007,82,24.0,1.63982,0.88162,4.2013887453306085,2.0912297625621297,40.88269125311642
B0007,83,24.0,1.63547,0.87928,4.201620573144587,2.1663009505205935,40.856332202254556
B0007,84,24.0,1.6296,0.87613,4.201668680267049,2.1843637809529235,40.778024611598504
B0007,85,24.0,1.62474,0.87352,4.202567159315787,2.113995772639173,40.5829305350897
B0007,86,24.0,1.62001,0.87097,4.201472345711643,2.0287779476202195,40.6345689985191
B0007,87,24.0,1.61506,0.86831,4.201332830124454,2.1948906641943635,40.75070125010339
B0007,88,24.0,1.61458,0.86805,4.201522880341636,2.1621122251410005,41.0672419235651
B0007,89,24.0,1.61481,0.86818,4.201386492450036,2.0092802451741245,41.40590880756584
B0007,90,24.0,1.71293,0.92093,4.2333254357000865,2.144268362237989,41.01558674901627
B0007,91,24.0,1.65008,0.88714,4.203917718634026,2.0962813773920193,41.31851435911838
B0007,92,24.0,1.63977,0.88159,4.202046403451837,2.0376560852489356,41.4002950560853
B0007,93,24.0,1.62968,0.87617,4.201592874087554,2.050265845971926,41.2508092329952
B0007,94,24.0,1.61899,0.87042,4.201214370586727,2.1421639870693685,40.95362783962595
B0007,95,24.0,1.61447,0.86799,4.201660608337926,2.093098662464846,40.989022190981714
B0007,96,24.0,1.60943,0.86528,4.201750207865124,2.109503853325003,41.02622774121347
B0007,97,24.0,1.60403,0.86238,4.201226117420626,2.1295447836320704,41.01371342582121
B0007,98,24.0,1.5993,0.85984,4.201796973837129,2.138556110583413,41.04923314430273
B0007,99,24.0,1.59391,0.85694,4.201200470517945,2.1437793669909317,41.05277512550887
B0007,100,24.0,1.58915,0.85438,4.201289094579205,2.199196544880164,41.02092182377061
B0007,101,24.0,1.58932,0.85448,4.201033482375415,2.0252901014990434,41.34840278359994
B0007,102,24.0,1.58382,0.85151,4.201482697501314,2.0874226328484515,41.23753665797544
B0007,103,24.0,1.58908,0.85435,4.196165946742788,2.0863200514042264,41.21700308433066
B0007,104,24.0,1.59907,0.85972,4.205246397279064,2.0588247910323827,41.89753189273277
B0007,105,24.0,1.58936,0.85449,4.201509838937999,2.007722684403967,41.90270996402953
B0007,106,24.0,1.57852,0.84867,4.201909525379603,2.190682586389996,41.48233804274523
B0007,107,24.0,1.574,0.84624,4.199865517000471,2.008435320437976,41.641162265997195
B0007,108,24.0,1.568,0.84301,4.2008597336564515,2.1646360641399958,41.433877603827945
B0007,109,24.0,1.56911,0.84361,4.20162098338246,2.0647427536919833,41.8543569979417
B0007,110,24.0,1.56329,0.84048,4.201149059944848,2.170172617792397,41.78271326384125
B0007,111,24.0,1.55834,0.83782,4.200810741834928,2.120750718982474,41.62744766181303
B0007,112,24.0,1.55288,0.83488,4.200373974181371,2.13627215665258,41.552128441464966
B0007,113,24.0,1.55307,0.83498,4.201791474587699,2.0938572364769055,41.839167194182565
B0007,114,24.0,1.55315,0.83503,4.20067023466464,1.9959465760122976,42.23998716092915
B0007,115,24.0,1.54796,0.83223,4.20021831736756,2.0305769860653866,42.040902384977116
B0007,116,24.0,1.54274,0.82943,4.200674971032527,2.0758803797636745,41.803429062834496
B0007,117,24.0,1.53783,0.82679,4.200371214024706,2.0793549048242492,41.6886924602386
B0007,118,24.0,1.53768,0.82671,4.200965645223048,2.0585109366080414,41.988171601182124
B0007,119,24.0,1.53805,0.82691,4.201492773602507,2.0253107306977376,42.33252236723314
B0007,120,24.0,1.55805,0.83766,4.192768207316796,2.0069579017420067,41.63553796804361
B0007,121,24.0,1.5579,0.83758,4.204602036514753,2.19792648712031,41.470498076928735
B0007,122,24.0,1.54777,0.83213,4.200995491738166,2.0299415196572554,41.54038193238441
B0007,123,24.0,1.5377,0.82672,4.201036137691208,2.1171503915767786,41.13947017697289
B0007,124,24.0,1.53183,0.82356,4.200762329918291,2.1309899052747716,41.09041922644824
B0007,125,24.0,1.52725,0.8211,4.201013677167557,2.1294318317485654,41.10034021580957
B0007,126,24.0,1.52191,0.81823,4.200439147859412,2.164511453629433,41.03075447325996
B0007,127,24.0,1.51692,0.81555,4.200264786461796,2.1743012710834013,40.99688397371006
B0007,128,24.0,1.5112,0.81247,4.200151660684939,2.1928976284966537,40.88481342461614
B0007,129,24.0,1.5116,0.81269,4.200453152662228,2.0298495899147295,41.09400879501426
B0007,130,24.0,1.50661,0.81001,4.200291122451955,2.0959492247836815,41.01377835587309
B0007,131,24.0,1.50152,0.80727,4.199877643371451,2.177723491219515,40.90635248178393
B0007,132,24.0,1.50102,0.807,4.200436806124781,2.056251340337525,41.06596192416311
B0007,133,24.0,1.50601,0.80968,4.193077426787744,2.1512510632923165,40.84520330629611
B0007,134,24.0,1.51687,0.81552,4.203372086437543,2.1693699073642034,41.12807910254104
B0007,135,24.0,1.50613,0.80975,4.202065190134895,2.116759239247948,41.094988453128494
B0007,136,24.0,1.50124,0.80712,4.200086642861885,2.009424225590032,41.11877573165318
B0007,137,24.0,1.49618,0.8044,4.199758658258613,2.0034792344341588,40.980034990626955
B0007,138,24.0,1.49101,0.80162,4.199843161074874,2.172988732474185,41.017509953482886
B0007,139,24.0,1.49117,0.80171,4.200352076636086,2.087464676179042,41.299420742573055
B0007,140,24.0,1.48587,0.79885,4.200169604165679,2.110564313669325,41.105738037939375
B0007,141,24.0,1.48079,0.79612,4.199911577879335,2.0724687293779813,40.87704013237699
B0007,142,24.0,1.47546,0.79326,4.199564012073342,2.1253826973270513,40.730219862268235
B0007,143,24.0,1.47573,0.7934,4.199951033620322,2.1147331324879475,41.03226257370644
B0007,144,24.0,1.47092,0.79081,4.19995987158867,2.1738445330859366,40.89527781087817
B0007,145,24.0,1.4709,0.79081,4.200414702164272,1.9947266977360072,41.02491521192672
B0007,146,24.0,1.46547,0.78789,4.199552965128597,2.0033802121225017,40.815968345794715
B0007,147,24.0,1.46034,0.78513,4.199706970400125,2.116470909151213,40.65138669632271
B0007,148,24.0,1.46094,0.78545,4.199300346769649,2.051877342511651,40.965385542419945
B0007,149,24.0,1.46038,0.78515,4.200086391757318,2.003221375307111,41.11319128215138
B0007,150,24.0,1.46595,0.78814,4.189989265375979,1.9865974995249178,40.78738321989129
B0007,151,24.0,1.48602,0.79893,4.202670619155847,2.1908121182442706,40.73001188190229
B0007,152,24.0,1.47594,0.79352,4.199186500777735,2.033261415031626,40.990354594470126
B0007,153,24.0,1.46598,0.78816,4.199638763972608,2.19135439601875,40.62521315513875
B0007,154,24.0,1.46057,0.78525,4.200028390360542,2.1840705012733683,40.58944296824891
B0007,155,24.0,1.4557,0.78263,4.199347098159206,2.1664368343684446,40.584393586876246
B0007,156,24.0,1.45597,0.78278,4.199148920577739,1.987193667465448,40.884444140401214
B0007,157,24.0,1.45033,0.77975,4.199648027535327,2.1314172797434523,40.65159637790841
B0007,158,24.0,1.44483,0.77679,4.1991931757384515,2.188995882590831,40.53138082339522
B0007,159,24.0,1.44538,0.77708,4.199053572226856,2.0322464946417114,40.821433488540606
B0007,160,24.0,1.44043,0.77443,4.199879744716988,2.1695130053947387,40.643362943412974
B0007,161,24.0,1.44074,0.77459,4.1986801794397035,1.9917978280585305,40.97063567014205
B0007,162,24.0,1.43498,0.77149,4.199235005181635,2.1534486462617073,40.74888323397497
B0007,163,24.0,1.43513,0.77158,4.198950996279868,2.0101572712330453,40.93461596721165
B0007,164,24.0,1.43033,0.76899,4.199393701075195,2.132718741006573,40.74175890345818
B0007,165,24.0,1.43042,0.76904,4.198994975977764,2.0114763339798887,41.00964443691023
B0007,166,24.0,1.42458,0.7659,4.198421699164089,2.1610456063312298,40.80558697887537
B0007,167,24.0,1.44586,0.77734,4.188887274283021,2.0143553387267827,40.92586026351328
B0007,168,24.0,1.45655,0.78309,4.2050716026539625,2.1732119934933296,40.57390100608222
B0018,1,24.0,1.86837,1.0,4.188195942647034,2.4721608434600437,38.10180309676608
B0018,2,24.0,1.85664,0.99819,4.186703558364525,2.4114381994148304,38.14987995994155
B0018,3,24.0,1.85317,0.99633,4.188811210133346,2.394395968141027,37.5266914843442
B0018,4,24.0,1.84438,0.9916,4.188875360300162,2.3999481734774424,37.06279237079503
B0018,5,24.0,1.84651,0.99275,4.189908817357781,2.3851461229395867,38.2110354381278
B0018,6,24.0,1.84242,0.99055,4.190509582057232,2.3716770708389117,38.17496505957075
B0018,7,24.0,1.82959,0.98365,4.1903241054041,2.4964491577040793,37.64038685475582
B0018,8,24.0,1.82364,0.98045,4.190302498850287,2.4374506721131883,37.37602884738843
B0018,9,24.0,1.81836,0.97761,4.188517549229078,2.4152206992194847,37.28928029078695
B0018,10,24.0,1.83725,0.98777,4.191794143442699,2.377432309524995,37.52377766578506
B0018,11,24.0,1.82633,0.9819,4.190699409462101,2.3887487262583647,37.72420412562674
B0018,12,24.0,1.81336,0.97492,4.1902633112754275,2.432289857016922,37.41366095304306
B0018,13,24.0,1.79949,0.96747,4.18970538556629,2.497495633221204,36.94724908852665
B0018,14,24.0,1.79217,0.96353,4.188354430914051,2.478768686108376,36.707091312059944
B0018,15,24.0,1.79541,0.96527,4.193543208571066,2.3858494078680206,37.13061214416645
B0018,16,24.0,1.78578,0.9601,4.190238041929225,2.372854084449551,37.686600065941576
B0018,17,24.0,1.77751,0.95565,4.19075698083662,2.4086912736769084,37.633580732302406
B0018,18,24.0,1.76253,0.94759,4.189715378549557,2.496331992137246,37.15252578645951
B0018,19,24.0,1.75516,0.94364,4.187635645163932,2.4199896352919668,36.78829001793698
B0018,20,24.0,1.75254,0.94223,4.191004692440202,2.3587321881999297,36.541146197392216
B0018,21,24.0,1.74054,0.93578,4.1906972904216495,2.4458096660548825,36.372087786130464
B0018,22,24.0,1.72359,0.92666,4.185877977731026,2.3808537751929744,36.52608510498833
B0018,23,24.0,1.72052,0.92501,4.188109147549676,2.436955746154759,36.476252762052624
B0018,24,24.0,1.71663,0.92292,4.188302415854336,2.4671365731790713,36.377208902376694
B0018,25,24.0,1.75836,0.94536,4.18962510592865,2.4129371999368505,36.64000948247426
B0018,26,24.0,1.74798,0.93978,4.190150750158746,2.3497771039810256,37.38165499248184
B0018,27,24.0,1.73144,0.93088,4.189151018945234,2.4904700018477026,37.59824760372582
B0018,28,24.0,1.72112,0.92533,4.189631312089484,2.4650908929255406,37.560555155163414
B0018,29,24.0,1.71472,0.92189,4.187690359657657,2.363133281953362,37.52114200586718
B0018,30,24.0,1.70338,0.91579,4.190215357888677,2.4790616361836206,37.21887096740918
B0018,31,24.0,1.69134,0.90932,4.189776104976122,2.491905723274248,37.33441415744885
B0018,32,24.0,1.68642,0.90668,4.189846430994002,2.4337177596826547,37.7331798444306
B0018,33,24.0,1.67498,0.90053,4.188109551881256,2.4424506461535755,37.84649344841882
B0018,34,24.0,1.66673,0.89609,4.186368648390758,2.4383419399858552,37.670164941661795
B0018,35,24.0,1.66411,0.89468,4.1901657245031085,2.4157245398944123,37.53185198546868
B0018,36,24.0,1.65514,0.88986,4.189966178473989,2.323395712524894,37.593333753421376
B0018,37,24.0,1.63733,0.88029,4.188259618341401,2.4985039496028567,37.361410110678264
B0018,38,24.0,1.6382,0.88075,4.1897400575765795,2.350237238739749,37.899803246715464
B0018,39,24.0,1.63005,0.87637,4.1862359225351335,2.3337740352348813,38.03149707759718
B0018,40,24.0,1.69212,0.90974,4.189625262426538,2.317647291087635,37.42220155418978
B0018,41,24.0,1.65903,0.89195,4.186586244011676,2.492394514304757,37.32511174435206
B0018,42,24.0,1.64857,0.88633,4.189366482043888,2.372828310153791,37.31088262198154
B0018,43,24.0,1.63268,0.87778,4.188553804618968,2.3560703177076867,37.232346556887364
B0018,44,24.0,1.62075,0.87137,4.188764708195774,2.4644431530094417,36.94850857727268
B0018,45,24.0,1.61173,0.86652,4.188636968174337,2.4195167274486726,37.002663545357386
B0018,46,24.0,1.74232,0.93673,4.188466199744378,2.3422406504312434,36.71025442949399
B0018,47,24.0,1.72605,0.92799,4.189570916346704,2.3755467142668496,36.72807623650589
B0018,48,24.0,1.70534,0.91685,4.189584987657955,2.4146291375325917,36.72959308355185
B0018,49,24.0,1.68732,0.90716,4.189371286385834,2.3844645496129964,36.787462351640364
B0018,50,24.0,1.67016,0.89794,4.187606340824144,2.398646371281655,36.75689163314213
B0018,51,24.0,1.67595,0.90105,4.188829347125095,2.4557130111721626,37.350157630970955
B0018,52,24.0,1.66278,0.89397,4.189202115880737,2.323665882820083,37.48126030855565
B0018,53,24.0,1.63565,0.87938,4.186778882107656,2.488054079510012,37.125443897626305
B0018,54,24.0,1.62822,0.87539,4.187888599491238,2.3306937114568003,37.19112571388883
B0018,55,24.0,1.62185,0.87196,4.18915752014188,2.389399831578687,37.17642722353301
B0018,56,24.0,1.68346,0.90508,4.191289655270872,2.4864200723178747,37.11936678632194
B0018,57,24.0,1.65028,0.88725,4.190628233635541,2.4673631110639858,37.2702464066457
B0018,58,24.0,1.62956,0.87611,4.189158279329032,2.375173080957567,37.39550861947664
B0018,59,24.0,1.60841,0.86473,4.185868202467219,2.371626022111289,37.378956702246384
B0018,60,24.0,1.59652,0.85834,4.186906972044146,2.463955873060647,37.245718322158105
B0018,61,24.0,1.58998,0.85483,4.189576283423886,2.475545296633258,37.21755583353321
B0018,62,24.0,1.58071,0.84984,4.189808713646982,2.3791563087604626,37.56150979821064
B0018,63,24.0,1.56564,0.84174,4.188889298039903,2.4776158338943337,37.4174791317661
B0018,64,24.0,1.55682,0.837,4.188220838257245,2.4205549690097223,37.55101533655474
B0018,65,24.0,1.54882,0.8327,4.186454063976498,2.415388497112405,37.59895044072871
B0018,66,24.0,1.5483,0.83242,4.1895672733133145,2.3974205597873093,37.489239782169804
B0018,67,24.0,1.53237,0.82385,4.1892977641056035,2.497752653580319,37.37911114363861
B0018,68,24.0,1.52332,0.81899,4.186793087812023,2.3726090777895896,37.559604168615785
B0018,69,24.0,1.5183,0.81629,4.188594535127793,2.36844257542991,37.61805450748922
B0018,70,24.0,1.51323,0.81357,4.186295492358637,2.331968556073514,37.71101994346608
B0018,71,24.0,1.55055,0.83363,4.187384370589753,2.4057755306304176,37.767989299214086
B0018,72,24.0,1.53412,0.82479,4.188929264481706,2.4720838848798987,37.91919394450186
B0018,73,24.0,1.51826,0.81627,4.1852697593324315,2.342731326096539,37.99328509003338
B0018,74,24.0,1.50946,0.81154,4.18799771486628,2.4198650452188226,37.984838024989045
B0018,75,24.0,1.50043,0.80668,4.187899339921793,2.438879997223475,37.8288851383529
B0018,76,24.0,1.49792,0.80534,4.1882916128809375,2.430465824271706,37.844837975501
B0018,77,24.0,1.48398,0.79784,4.187409532380725,2.4907267597860656,37.8984610468502
B0018,78,24.0,1.48534,0.79857,4.188656943531829,2.3678328028644775,38.27784043980244
B0018,79,24.0,1.47537,0.79321,4.188198669984733,2.3532703553328904,38.24434303919528
B0018,80,24.0,1.46523,0.78776,4.184528192003684,2.362897904778893,38.06956259266949
B0018,81,24.0,1.47015,0.79041,4.1927676322495895,2.420200016704328,37.81744565252647
B0018,82,24.0,1.45303,0.7812,4.187873640279204,2.472605886588914,37.902567770354786
B0018,83,24.0,1.44981,0.77947,4.1880559282136725,2.483165462226557,38.16628336469349
B0018,84,24.0,1.44617,0.77751,4.188063095530185,2.4341986830086237,38.36789486715962
B0018,85,24.0,1.43549,0.77177,4.185913481526783,2.497859027600416,38.19823604401131
B0018,86,24.0,1.48743,0.7997,4.187259539606346,2.3747408457948316,38.099982807571635
B0018,87,24.0,1.47023,0.79045,4.187670932765983,2.3589340839760866,38.214523782841354
B0018,88,24.0,1.45352,0.78146,4.187836103953847,2.4413266342198545,37.939696536164234
B0018,89,24.0,1.44615,0.7775,4.18719517574786,2.311419659807122,38.06666733482501
B0018,90,24.0,1.42624,0.7668,4.183339938829854,2.4953159238201255,37.63260475617888
B0018,91,24.0,1.46535,0.78782,4.192209704853633,2.4398479869382084,38.18223603956323
B0018,92,24.0,1.44616,0.77751,4.1866224559264715,2.376538319699514,38.3907466519188
B0018,93,24.0,1.43767,0.77294,4.186945959000922,2.3722299202290382,38.51622654624205
B0018,94,24.0,1.43359,0.77075,4.1874400308161395,2.361475505115684,38.56612180540248
B0018,95,24.0,1.42372,0.76544,4.1845980039811215,2.317937855025735,38.5606541602861
B0018,96,24.0,1.42648,0.76692,4.186742025132256,2.3372859753156225,38.53842073636507
B0018,97,24.0,1.4149,0.7607,4.1871520936423146,2.3528810264952194,38.548873480234754
B0018,98,24.0,1.40458,0.75515,4.187096292904282,2.4646122144537173,38.45838357496903
B0018,99,24.0,1.4004,0.7529,4.187367312766795,2.4684655225527004,38.54382874673793
B0018,100,24.0,1.39695,0.75105,4.18534593452204,2.4092923539400735,38.650883957434026
B0018,101,24.0,1.39595,0.75051,4.186646524222555,2.477625480372779,38.45654834997334
B0018,102,24.0,1.38871,0.74662,4.184730834033599,2.335608852853518,38.6564130442344
B0018,103,24.0,1.38442,0.74431,4.187175976285891,2.441999086782534,38.655587491253975
B0018,104,24.0,1.37904,0.74142,4.186108406696249,2.4651687831472158,38.6997087046862
B0018,105,24.0,1.37514,0.73932,4.183460397462309,2.370892032033162,38.87481687744787
B0018,106,24.0,1.47158,0.79117,4.187091541628412,2.461879783248223,37.363974526077364
B0018,107,24.0,1.46128,0.78564,4.18736921126964,2.4247066368907255,37.88258787662229
B0018,108,24.0,1.44933,0.77921,4.187597633155394,2.4447222974031386,38.158980736604235
B0018,109,24.0,1.44026,0.77434,4.187608979498198,2.443569395327192,38.05243159675446
B0018,110,24.0,1.42603,0.76668,4.186194120124063,2.4666000274194886,37.89096376444466
B0018,111,24.0,1.42578,0.76655,4.186991375693876,2.4272514813701016,37.81203585126145
B0018,112,24.0,1.41018,0.75816,4.185443351643291,2.4762628371779,37.9591954678784
B0018,113,24.0,1.41408,0.76026,4.186308413669027,2.3607989727330003,38.521043498835155
B0018,114,24.0,1.40881,0.75742,4.187179397572641,2.377011586588198,38.878687997701746
B0018,115,24.0,1.39741,0.75129,4.1854460754417,2.4567563196678455,38.65118899876309
B0018,116,24.0,1.40707,0.75649,4.193052368415502,2.3277314025979847,38.434235278537344
B0018,117,24.0,1.38758,0.74601,4.186241953638429,2.4537913827403948,38.103875724329995
B0018,118,24.0,1.38362,0.74388,4.186011006323472,2.3475608877759067,38.12742842632319
B0018,119,24.0,1.37795,0.74083,4.18675624032869,2.3558347560196564,38.03962943213698
B0018,120,24.0,1.36561,0.7342,4.1831553230638425,2.3791102362944754,37.85657903247749
B0018,121,24.0,1.43837,0.77332,4.191989955143364,2.444740635238248,37.43017193410286
B0018,122,24.0,1.41795,0.76234,4.185628679672912,2.431867772331712,37.8264149292754
B0018,123,24.0,1.4126,0.75946,4.186834478731371,2.344037291947413,38.08307173716899
B0018,124,24.0,1.39978,0.75257,4.186613091061155,2.456436863057259,37.88279649093536
B0018,125,24.0,1.38943,0.74701,4.183907160253637,2.395547668334432,37.96027066990377
B0018,126,24.0,1.3913,0.74801,4.18533882899107,2.4536749172979215,37.880513353762176
B0018,127,24.0,1.38815,0.74632,4.185280284017658,2.3062728144586413,38.43416278222213
B0018,128,24.0,1.382,0.74301,4.186281579801858,2.3471092023857154,38.847489737859576
B0018,129,24.0,1.3751,0.7393,4.185356132672309,2.4884289104730986,38.80283421497622
B0018,130,24.0,1.36353,0.73308,4.181406543107895,2.3992178234155577,38.72699121838442
B0018,131,24.0,1.37423,0.73884,4.185252405343103,2.2786338886500292,38.67191958148309
B0018,132,24.0,1.36054,0.73147,4.185763363191996,2.3655846763383734,38.371813640118894
